Region,Date,ML,Prediction_Date
Acores,2020-03-02 00:00:00,,
Acores,2020-03-03 16:00:00,,
Acores,2020-03-04 17:00:00,,
Acores,2020-03-05 17:00:00,,
Acores,2020-03-06 17:00:00,,
Acores,2020-03-07 17:00:00,,
Acores,2020-03-08 17:30:00,,
Acores,2020-03-09 18:45:00,,
Acores,2020-03-10 10:00:00,,
Acores,2020-03-11 00:00:00,,
Acores,2020-03-12 00:00:00,,
Acores,2020-03-13 00:00:00,,
Acores,2020-03-14 00:00:00,,
Acores,2020-03-15 00:00:00,,
Acores,2020-03-16 00:00:00,,
Acores,2020-03-17 00:00:00,,
Acores,2020-03-18 00:00:00,0.48,2020-10-01 00:00:00
Acores,2020-03-19 00:00:00,,
Acores,2020-03-20 00:00:00,,
Acores,2020-03-21 00:00:00,,
Acores,2020-03-22 00:00:00,2.56,2020-10-01 00:00:00
Acores,2020-03-23 00:00:00,1.9000000000000001,2020-10-01 00:00:00
Acores,2020-03-24 00:00:00,2.2600000000000002,2020-10-01 00:00:00
Acores,2020-03-25 00:00:00,2.34,2020-10-01 00:00:00
Acores,2020-03-26 00:00:00,1.97,2020-10-01 00:00:00
Acores,2020-03-27 00:00:00,,
Acores,2020-03-28 00:00:00,1.73,2020-10-01 00:00:00
Acores,2020-03-29 00:00:00,1.83,2020-10-01 00:00:00
Acores,2020-03-30 00:00:00,1.6500000000000001,2020-10-01 00:00:00
Acores,2020-03-31 00:00:00,1.52,2020-10-01 00:00:00
Acores,2020-04-01 00:00:00,1.2,2020-10-01 00:00:00
Acores,2020-04-02 00:00:00,1.1300000000000001,2020-10-01 00:00:00
Acores,2020-04-03 00:00:00,0.8200000000000001,2020-10-01 00:00:00
Acores,2020-04-04 00:00:00,,
Acores,2020-04-05 00:00:00,1.02,2020-10-01 00:00:00
Acores,2020-04-06 00:00:00,0.97,2020-10-01 00:00:00
Acores,2020-04-07 00:00:00,,
Acores,2020-04-08 00:00:00,1.1400000000000001,2020-10-01 00:00:00
Acores,2020-04-09 00:00:00,1.27,2020-10-01 00:00:00
Acores,2020-04-10 00:00:00,1.2,2020-10-01 00:00:00
Acores,2020-04-11 00:00:00,,
Acores,2020-04-12 00:00:00,,
Acores,2020-04-13 00:00:00,,
Acores,2020-04-14 00:00:00,0.97,2020-10-01 00:00:00
Acores,2020-04-15 00:00:00,,
Acores,2020-04-16 00:00:00,0.62,2020-10-01 00:00:00
Acores,2020-04-17 00:00:00,,
Acores,2020-04-18 00:00:00,0.48,2020-10-01 00:00:00
Acores,2020-04-19 00:00:00,0.51,2020-10-01 00:00:00
Acores,2020-04-20 00:00:00,0.53,2020-10-01 00:00:00
Acores,2020-04-21 00:00:00,,
Acores,2020-04-22 00:00:00,0.61,2020-10-01 00:00:00
Acores,2020-04-23 00:00:00,,
Acores,2020-04-24 00:00:00,,
Acores,2020-04-25 00:00:00,0.62,2020-10-01 00:00:00
Acores,2020-04-26 00:00:00,0.73,2020-10-01 00:00:00
Acores,2020-04-27 00:00:00,,
Acores,2020-04-28 00:00:00,0.72,2020-10-01 00:00:00
Acores,2020-04-29 00:00:00,0.61,2020-10-01 00:00:00
Acores,2020-04-30 00:00:00,0.61,2020-10-01 00:00:00
Acores,2020-05-01 00:00:00,,
Acores,2020-05-02 00:00:00,0.62,2020-10-01 00:00:00
Acores,2020-05-03 00:00:00,0.55,2020-10-01 00:00:00
Acores,2020-05-04 00:00:00,,
Acores,2020-05-05 00:00:00,,
Acores,2020-05-06 00:00:00,,
Acores,2020-05-07 00:00:00,,
Acores,2020-05-08 00:00:00,0.56,2020-10-01 00:00:00
Acores,2020-05-09 00:00:00,,
Acores,2020-05-10 00:00:00,,
Acores,2020-05-11 00:00:00,,
Acores,2020-05-12 00:00:00,,
Acores,2020-05-13 00:00:00,,
Acores,2020-05-14 00:00:00,,
Acores,2020-05-15 00:00:00,,
Acores,2020-05-16 00:00:00,,
Acores,2020-05-17 00:00:00,,
Acores,2020-05-18 00:00:00,,
Acores,2020-05-19 00:00:00,,
Acores,2020-05-20 00:00:00,,
Acores,2020-05-21 00:00:00,,
Acores,2020-05-22 00:00:00,,
Acores,2020-05-23 00:00:00,,
Acores,2020-05-24 00:00:00,,
Acores,2020-05-25 00:00:00,,
Acores,2020-05-26 00:00:00,,
Acores,2020-05-27 00:00:00,,
Acores,2020-05-28 00:00:00,,
Acores,2020-05-29 00:00:00,,
Acores,2020-05-30 00:00:00,,
Acores,2020-05-31 00:00:00,,
Acores,2020-06-01 00:00:00,0.5700000000000001,2020-10-01 03:00:00
Acores,2020-06-02 00:00:00,,
Acores,2020-06-03 00:00:00,0.58,2020-10-01 05:00:00
Acores,2020-06-04 00:00:00,,
Acores,2020-06-05 00:00:00,0.52,2020-09-30 12:00:00
Acores,2020-06-06 00:00:00,0.53,2020-09-30 15:00:00
Acores,2020-06-07 00:00:00,,
Acores,2020-06-08 00:00:00,0.54,2020-09-30 18:00:00
Acores,2020-06-09 00:00:00,,
Acores,2020-06-10 00:00:00,,
Acores,2020-06-11 00:00:00,0.55,2020-09-30 21:00:00
Acores,2020-06-12 00:00:00,,
Acores,2020-06-13 00:00:00,,
Acores,2020-06-14 00:00:00,,
Acores,2020-06-15 00:00:00,,
Acores,2020-06-16 00:00:00,,
Acores,2020-06-17 00:00:00,,
Acores,2020-06-18 00:00:00,,
Acores,2020-06-19 00:00:00,,
Acores,2020-06-20 00:00:00,,
Alentejo,2020-03-02 00:00:00,,
Alentejo,2020-03-03 16:00:00,,
Alentejo,2020-03-04 17:00:00,,
Alentejo,2020-03-05 17:00:00,,
Alentejo,2020-03-06 17:00:00,,
Alentejo,2020-03-07 17:00:00,,
Alentejo,2020-03-08 17:30:00,,
Alentejo,2020-03-09 18:45:00,,
Alentejo,2020-03-10 10:00:00,,
Alentejo,2020-03-11 00:00:00,,
Alentejo,2020-03-12 00:00:00,,
Alentejo,2020-03-13 00:00:00,,
Alentejo,2020-03-14 00:00:00,,
Alentejo,2020-03-15 00:00:00,,
Alentejo,2020-03-16 00:00:00,,
Alentejo,2020-03-17 00:00:00,,
Alentejo,2020-03-18 00:00:00,0.48,2020-10-01 00:00:00
Alentejo,2020-03-19 00:00:00,,
Alentejo,2020-03-20 00:00:00,,
Alentejo,2020-03-21 00:00:00,0.5700000000000001,2020-10-01 00:00:00
Alentejo,2020-03-22 00:00:00,2.07,2020-10-01 00:00:00
Alentejo,2020-03-23 00:00:00,,
Alentejo,2020-03-24 00:00:00,2.4,2020-10-01 00:00:00
Alentejo,2020-03-25 00:00:00,2.44,2020-10-01 00:00:00
Alentejo,2020-03-26 00:00:00,2.39,2020-10-01 00:00:00
Alentejo,2020-03-27 00:00:00,2.3000000000000003,2020-10-01 00:00:00
Alentejo,2020-03-28 00:00:00,1.75,2020-10-01 00:00:00
Alentejo,2020-03-29 00:00:00,1.59,2020-10-01 00:00:00
Alentejo,2020-03-30 00:00:00,1.26,2020-10-01 00:00:00
Alentejo,2020-03-31 00:00:00,1.18,2020-10-01 00:00:00
Alentejo,2020-04-01 00:00:00,0.86,2020-10-01 00:00:00
Alentejo,2020-04-02 00:00:00,1.06,2020-10-01 00:00:00
Alentejo,2020-04-03 00:00:00,1.01,2020-10-01 00:00:00
Alentejo,2020-04-04 00:00:00,1.17,2020-10-01 00:00:00
Alentejo,2020-04-05 00:00:00,1.12,2020-10-01 00:00:00
Alentejo,2020-04-06 00:00:00,1.06,2020-10-01 00:00:00
Alentejo,2020-04-07 00:00:00,1.2,2020-10-01 00:00:00
Alentejo,2020-04-08 00:00:00,1.3,2020-10-01 00:00:00
Alentejo,2020-04-09 00:00:00,1.37,2020-10-01 00:00:00
Alentejo,2020-04-10 00:00:00,1.42,2020-10-01 00:00:00
Alentejo,2020-04-11 00:00:00,1.45,2020-10-01 00:00:00
Alentejo,2020-04-12 00:00:00,1.12,2020-10-01 00:00:00
Alentejo,2020-04-13 00:00:00,0.92,2020-10-01 00:00:00
Alentejo,2020-04-14 00:00:00,0.63,2020-10-01 00:00:00
Alentejo,2020-04-15 00:00:00,,
Alentejo,2020-04-16 00:00:00,0.55,2020-10-01 00:00:00
Alentejo,2020-04-17 00:00:00,0.5700000000000001,2020-10-01 00:00:00
Alentejo,2020-04-18 00:00:00,,
Alentejo,2020-04-19 00:00:00,,
Alentejo,2020-04-20 00:00:00,0.59,2020-10-01 00:00:00
Alentejo,2020-04-21 00:00:00,0.6,2020-10-01 00:00:00
Alentejo,2020-04-22 00:00:00,0.61,2020-10-01 00:00:00
Alentejo,2020-04-23 00:00:00,0.55,2020-10-01 00:00:00
Alentejo,2020-04-24 00:00:00,0.5,2020-10-01 00:00:00
Alentejo,2020-04-25 00:00:00,0.52,2020-10-01 00:00:00
Alentejo,2020-04-26 00:00:00,0.6,2020-10-01 00:00:00
Alentejo,2020-04-27 00:00:00,0.7000000000000001,2020-10-01 00:00:00
Alentejo,2020-04-28 00:00:00,0.97,2020-10-01 00:00:00
Alentejo,2020-04-29 00:00:00,0.9500000000000001,2020-10-01 00:00:00
Alentejo,2020-04-30 00:00:00,0.93,2020-10-01 00:00:00
Alentejo,2020-05-01 00:00:00,,
Alentejo,2020-05-02 00:00:00,,
Alentejo,2020-05-03 00:00:00,,
Alentejo,2020-05-04 00:00:00,,
Alentejo,2020-05-05 00:00:00,0.9,2020-10-01 00:00:00
Alentejo,2020-05-06 00:00:00,,
Alentejo,2020-05-07 00:00:00,,
Alentejo,2020-05-08 00:00:00,0.62,2020-10-01 00:00:00
Alentejo,2020-05-09 00:00:00,0.55,2020-09-30 04:00:00
Alentejo,2020-05-10 00:00:00,,
Alentejo,2020-05-11 00:00:00,0.5,2020-09-29 13:00:00
Alentejo,2020-05-12 00:00:00,0.47000000000000003,2020-09-29 05:00:00
Alentejo,2020-05-13 00:00:00,,
Alentejo,2020-05-14 00:00:00,,
Alentejo,2020-05-15 00:00:00,0.45,2020-09-28 23:00:00
Alentejo,2020-05-16 00:00:00,0.47000000000000003,2020-09-29 05:00:00
Alentejo,2020-05-17 00:00:00,0.49,2020-09-29 10:00:00
Alentejo,2020-05-18 00:00:00,0.56,2020-09-30 07:00:00
Alentejo,2020-05-19 00:00:00,0.5700000000000001,2020-09-30 10:00:00
Alentejo,2020-05-20 00:00:00,0.58,2020-09-30 12:00:00
Alentejo,2020-05-21 00:00:00,0.58,2020-09-30 12:00:00
Alentejo,2020-05-22 00:00:00,0.59,2020-09-30 15:00:00
Alentejo,2020-05-23 00:00:00,0.59,2020-09-30 15:00:00
Alentejo,2020-05-24 00:00:00,,
Alentejo,2020-05-25 00:00:00,,
Alentejo,2020-05-26 00:00:00,0.6,2020-09-30 18:00:00
Alentejo,2020-05-27 00:00:00,0.53,2020-09-29 22:00:00
Alentejo,2020-05-28 00:00:00,0.61,2020-09-30 21:00:00
Alentejo,2020-05-29 00:00:00,0.54,2020-09-30 01:00:00
Alentejo,2020-05-30 00:00:00,,
Alentejo,2020-05-31 00:00:00,,
Alentejo,2020-06-01 00:00:00,,
Alentejo,2020-06-02 00:00:00,0.63,2020-10-01 03:00:00
Alentejo,2020-06-03 00:00:00,,
Alentejo,2020-06-04 00:00:00,0.64,2020-10-01 06:00:00
Alentejo,2020-06-05 00:00:00,0.64,2020-10-01 06:00:00
Alentejo,2020-06-06 00:00:00,0.64,2020-10-01 06:00:00
Alentejo,2020-06-07 00:00:00,0.76,2020-10-02 18:00:00
Alentejo,2020-06-08 00:00:00,,
Alentejo,2020-06-09 00:00:00,0.76,2020-10-02 18:00:00
Alentejo,2020-06-10 00:00:00,0.75,2020-10-02 15:00:00
Alentejo,2020-06-11 00:00:00,0.74,2020-10-02 12:00:00
Alentejo,2020-06-12 00:00:00,,
Alentejo,2020-06-13 00:00:00,0.73,2020-10-02 09:00:00
Alentejo,2020-06-14 00:00:00,0.72,2020-10-02 06:00:00
Alentejo,2020-06-15 00:00:00,0.89,2020-10-04 09:00:00
Alentejo,2020-06-16 00:00:00,,
Alentejo,2020-06-17 00:00:00,1.7,2020-10-14 11:00:00
Alentejo,2020-06-18 00:00:00,2.32,2020-10-22 04:00:00
Alentejo,2020-06-19 00:00:00,2.7,2020-10-26 22:00:00
Alentejo,2020-06-20 00:00:00,2.7600000000000002,2020-10-27 16:00:00
Algarve,2020-03-02 00:00:00,,
Algarve,2020-03-03 16:00:00,,
Algarve,2020-03-04 17:00:00,,
Algarve,2020-03-05 17:00:00,,
Algarve,2020-03-06 17:00:00,,
Algarve,2020-03-07 17:00:00,,
Algarve,2020-03-08 17:30:00,,
Algarve,2020-03-09 18:45:00,,
Algarve,2020-03-10 10:00:00,,
Algarve,2020-03-11 00:00:00,,
Algarve,2020-03-12 00:00:00,,
Algarve,2020-03-13 00:00:00,,
Algarve,2020-03-14 00:00:00,0.48,2020-10-01 00:00:00
Algarve,2020-03-15 00:00:00,0.5700000000000001,2020-10-01 00:00:00
Algarve,2020-03-16 00:00:00,2.07,2020-10-01 00:00:00
Algarve,2020-03-17 00:00:00,1.56,2020-10-01 00:00:00
Algarve,2020-03-18 00:00:00,2.04,2020-10-01 00:00:00
Algarve,2020-03-19 00:00:00,1.72,2020-10-01 00:00:00
Algarve,2020-03-20 00:00:00,1.52,2020-10-01 00:00:00
Algarve,2020-03-21 00:00:00,1.3900000000000001,2020-10-01 00:00:00
Algarve,2020-03-22 00:00:00,1.61,2020-10-01 00:00:00
Algarve,2020-03-23 00:00:00,2.19,2020-10-01 00:00:00
Algarve,2020-03-24 00:00:00,2.27,2020-10-01 00:00:00
Algarve,2020-03-25 00:00:00,2.27,2020-10-01 00:00:00
Algarve,2020-03-26 00:00:00,2.1,2020-10-01 00:00:00
Algarve,2020-03-27 00:00:00,1.75,2020-10-01 00:00:00
Algarve,2020-03-28 00:00:00,1.5,2020-10-01 00:00:00
Algarve,2020-03-29 00:00:00,1.3,2020-10-01 00:00:00
Algarve,2020-03-30 00:00:00,1.23,2020-10-01 00:00:00
Algarve,2020-03-31 00:00:00,1.3800000000000001,2020-10-01 00:00:00
Algarve,2020-04-01 00:00:00,1.4000000000000001,2020-10-01 00:00:00
Algarve,2020-04-02 00:00:00,1.41,2020-10-01 00:00:00
Algarve,2020-04-03 00:00:00,1.32,2020-10-01 00:00:00
Algarve,2020-04-04 00:00:00,1.24,2020-10-01 00:00:00
Algarve,2020-04-05 00:00:00,1.27,2020-10-01 00:00:00
Algarve,2020-04-06 00:00:00,1.2,2020-10-01 00:00:00
Algarve,2020-04-07 00:00:00,1.1400000000000001,2020-10-01 00:00:00
Algarve,2020-04-08 00:00:00,1.0,2020-10-01 00:00:00
Algarve,2020-04-09 00:00:00,0.76,2020-10-01 00:00:00
Algarve,2020-04-10 00:00:00,0.58,2020-10-01 00:00:00
Algarve,2020-04-11 00:00:00,,
Algarve,2020-04-12 00:00:00,,
Algarve,2020-04-13 00:00:00,0.54,2020-10-01 00:00:00
Algarve,2020-04-14 00:00:00,0.46,2020-10-01 00:00:00
Algarve,2020-04-15 00:00:00,0.45,2020-10-01 00:00:00
Algarve,2020-04-16 00:00:00,0.44,2020-10-01 00:00:00
Algarve,2020-04-17 00:00:00,0.43,2020-10-01 00:00:00
Algarve,2020-04-18 00:00:00,0.42,2020-10-01 00:00:00
Algarve,2020-04-19 00:00:00,0.45,2020-10-01 00:00:00
Algarve,2020-04-20 00:00:00,0.44,2020-10-01 00:00:00
Algarve,2020-04-21 00:00:00,0.46,2020-10-01 00:00:00
Algarve,2020-04-22 00:00:00,0.48,2020-10-01 00:00:00
Algarve,2020-04-23 00:00:00,0.5,2020-10-01 00:00:00
Algarve,2020-04-24 00:00:00,0.5700000000000001,2020-10-01 00:00:00
Algarve,2020-04-25 00:00:00,,
Algarve,2020-04-26 00:00:00,0.5700000000000001,2020-10-01 00:00:00
Algarve,2020-04-27 00:00:00,0.58,2020-10-01 00:00:00
Algarve,2020-04-28 00:00:00,0.58,2020-10-01 00:00:00
Algarve,2020-04-29 00:00:00,,
Algarve,2020-04-30 00:00:00,0.59,2020-10-01 00:00:00
Algarve,2020-05-01 00:00:00,,
Algarve,2020-05-02 00:00:00,,
Algarve,2020-05-03 00:00:00,,
Algarve,2020-05-04 00:00:00,0.6,2020-10-01 00:00:00
Algarve,2020-05-05 00:00:00,0.6,2020-10-01 00:00:00
Algarve,2020-05-06 00:00:00,0.61,2020-10-01 00:00:00
Algarve,2020-05-07 00:00:00,0.61,2020-10-01 00:00:00
Algarve,2020-05-08 00:00:00,0.54,2020-09-30 04:00:00
Algarve,2020-05-09 00:00:00,,
Algarve,2020-05-10 00:00:00,0.55,2020-09-30 07:00:00
Algarve,2020-05-11 00:00:00,0.56,2020-09-30 10:00:00
Algarve,2020-05-12 00:00:00,0.5700000000000001,2020-09-30 13:00:00
Algarve,2020-05-13 00:00:00,0.58,2020-09-30 15:00:00
Algarve,2020-05-14 00:00:00,0.59,2020-09-30 18:00:00
Algarve,2020-05-15 00:00:00,0.52,2020-09-29 22:00:00
Algarve,2020-05-16 00:00:00,0.54,2020-09-30 04:00:00
Algarve,2020-05-17 00:00:00,,
Algarve,2020-05-18 00:00:00,,
Algarve,2020-05-19 00:00:00,,
Algarve,2020-05-20 00:00:00,,
Algarve,2020-05-21 00:00:00,0.55,2020-09-30 07:00:00
Algarve,2020-05-22 00:00:00,0.64,2020-10-01 09:00:00
Algarve,2020-05-23 00:00:00,0.64,2020-10-01 09:00:00
Algarve,2020-05-24 00:00:00,,
Algarve,2020-05-25 00:00:00,,
Algarve,2020-05-26 00:00:00,0.64,2020-10-01 09:00:00
Algarve,2020-05-27 00:00:00,,
Algarve,2020-05-28 00:00:00,0.64,2020-10-01 09:00:00
Algarve,2020-05-29 00:00:00,,
Algarve,2020-05-30 00:00:00,0.64,2020-10-01 09:00:00
Algarve,2020-05-31 00:00:00,0.77,2020-10-03 00:00:00
Algarve,2020-06-01 00:00:00,0.76,2020-10-02 21:00:00
Algarve,2020-06-02 00:00:00,,
Algarve,2020-06-03 00:00:00,0.75,2020-10-02 18:00:00
Algarve,2020-06-04 00:00:00,,
Algarve,2020-06-05 00:00:00,0.93,2020-10-05 00:00:00
Algarve,2020-06-06 00:00:00,0.91,2020-10-04 18:00:00
Algarve,2020-06-07 00:00:00,0.71,2020-10-02 06:00:00
Algarve,2020-06-08 00:00:00,,
Algarve,2020-06-09 00:00:00,,
Algarve,2020-06-10 00:00:00,0.6900000000000001,2020-10-02 01:00:00
Algarve,2020-06-11 00:00:00,,
Algarve,2020-06-12 00:00:00,0.6900000000000001,2020-10-02 01:00:00
Algarve,2020-06-13 00:00:00,,
Algarve,2020-06-14 00:00:00,0.85,2020-10-04 00:00:00
Algarve,2020-06-15 00:00:00,1.26,2020-10-09 03:00:00
Algarve,2020-06-16 00:00:00,2.04,2020-10-18 21:00:00
Algarve,2020-06-17 00:00:00,2.45,2020-10-24 00:00:00
Algarve,2020-06-18 00:00:00,2.48,2020-10-24 08:00:00
Algarve,2020-06-19 00:00:00,2.34,2020-10-22 14:00:00
Algarve,2020-06-20 00:00:00,2.14,2020-10-20 03:00:00
Centro,2020-03-02 00:00:00,,
Centro,2020-03-03 16:00:00,,
Centro,2020-03-04 17:00:00,,
Centro,2020-03-05 17:00:00,,
Centro,2020-03-06 17:00:00,,
Centro,2020-03-07 17:00:00,,
Centro,2020-03-08 17:30:00,,
Centro,2020-03-09 18:45:00,,
Centro,2020-03-10 10:00:00,,
Centro,2020-03-11 00:00:00,,
Centro,2020-03-12 00:00:00,,
Centro,2020-03-13 00:00:00,,
Centro,2020-03-14 00:00:00,4.58,2020-10-01 00:00:00
Centro,2020-03-15 00:00:00,4.92,2020-10-01 00:00:00
Centro,2020-03-16 00:00:00,4.23,2020-10-01 00:00:00
Centro,2020-03-17 00:00:00,3.49,2020-10-01 00:00:00
Centro,2020-03-18 00:00:00,3.04,2020-10-01 00:00:00
Centro,2020-03-19 00:00:00,2.72,2020-10-01 00:00:00
Centro,2020-03-20 00:00:00,2.63,2020-10-01 00:00:00
Centro,2020-03-21 00:00:00,2.56,2020-10-01 00:00:00
Centro,2020-03-22 00:00:00,2.6,2020-10-01 00:00:00
Centro,2020-03-23 00:00:00,2.52,2020-10-01 00:00:00
Centro,2020-03-24 00:00:00,2.39,2020-10-01 00:00:00
Centro,2020-03-25 00:00:00,2.2800000000000002,2020-10-01 00:00:00
Centro,2020-03-26 00:00:00,2.07,2020-10-01 00:00:00
Centro,2020-03-27 00:00:00,1.8800000000000001,2020-10-01 00:00:00
Centro,2020-03-28 00:00:00,1.72,2020-10-01 00:00:00
Centro,2020-03-29 00:00:00,1.6300000000000001,2020-10-01 00:00:00
Centro,2020-03-30 00:00:00,1.56,2020-10-01 00:00:00
Centro,2020-03-31 00:00:00,1.55,2020-10-01 00:00:00
Centro,2020-04-01 00:00:00,1.44,2020-10-01 00:00:00
Centro,2020-04-02 00:00:00,1.3,2020-10-01 00:00:00
Centro,2020-04-03 00:00:00,1.05,2020-10-01 00:00:00
Centro,2020-04-04 00:00:00,1.05,2020-10-01 00:00:00
Centro,2020-04-05 00:00:00,1.07,2020-10-01 00:00:00
Centro,2020-04-06 00:00:00,1.11,2020-10-01 00:00:00
Centro,2020-04-07 00:00:00,1.4000000000000001,2020-10-01 00:00:00
Centro,2020-04-08 00:00:00,1.45,2020-10-01 00:00:00
Centro,2020-04-09 00:00:00,1.41,2020-10-01 00:00:00
Centro,2020-04-10 00:00:00,1.18,2020-10-01 00:00:00
Centro,2020-04-11 00:00:00,0.81,2020-10-01 00:00:00
Centro,2020-04-12 00:00:00,0.54,2020-10-01 00:00:00
Centro,2020-04-13 00:00:00,0.43,2020-10-01 00:00:00
Centro,2020-04-14 00:00:00,0.19,2020-10-01 00:00:00
Centro,2020-04-15 00:00:00,0.36,2020-10-01 00:00:00
Centro,2020-04-16 00:00:00,0.44,2020-10-01 00:00:00
Centro,2020-04-17 00:00:00,0.47000000000000003,2020-10-01 00:00:00
Centro,2020-04-18 00:00:00,0.39,2020-10-01 00:00:00
Centro,2020-04-19 00:00:00,0.35000000000000003,2020-10-01 00:00:00
Centro,2020-04-20 00:00:00,0.32,2020-10-01 00:00:00
Centro,2020-04-21 00:00:00,0.38,2020-10-01 00:00:00
Centro,2020-04-22 00:00:00,0.41000000000000003,2020-10-01 00:00:00
Centro,2020-04-23 00:00:00,0.53,2020-10-01 00:00:00
Centro,2020-04-24 00:00:00,0.61,2020-10-01 00:00:00
Centro,2020-04-25 00:00:00,0.64,2020-10-01 00:00:00
Centro,2020-04-26 00:00:00,0.66,2020-10-01 00:00:00
Centro,2020-04-27 00:00:00,0.71,2020-10-01 00:00:00
Centro,2020-04-28 00:00:00,0.71,2020-10-01 00:00:00
Centro,2020-04-29 00:00:00,0.62,2020-10-01 00:00:00
Centro,2020-04-30 00:00:00,0.55,2020-10-01 00:00:00
Centro,2020-05-01 00:00:00,0.46,2020-10-01 00:00:00
Centro,2020-05-02 00:00:00,0.37,2020-10-01 00:00:00
Centro,2020-05-03 00:00:00,0.34,2020-10-01 00:00:00
Centro,2020-05-04 00:00:00,0.4,2020-10-01 00:00:00
Centro,2020-05-05 00:00:00,0.43,2020-10-01 00:00:00
Centro,2020-05-06 00:00:00,0.49,2020-10-01 00:00:00
Centro,2020-05-07 00:00:00,0.46,2020-10-01 00:00:00
Centro,2020-05-08 00:00:00,,
Centro,2020-05-09 00:00:00,,
Centro,2020-05-10 00:00:00,,
Centro,2020-05-11 00:00:00,,
Centro,2020-05-12 00:00:00,0.47000000000000003,2020-10-01 03:00:00
Centro,2020-05-13 00:00:00,0.48,2020-10-01 05:00:00
Centro,2020-05-14 00:00:00,0.48,2020-10-01 05:00:00
Centro,2020-05-15 00:00:00,0.48,2020-10-01 05:00:00
Centro,2020-05-16 00:00:00,0.52,2020-10-01 17:00:00
Centro,2020-05-17 00:00:00,0.55,2020-10-02 02:00:00
Centro,2020-05-18 00:00:00,0.49,2020-10-01 08:00:00
Centro,2020-05-19 00:00:00,0.44,2020-09-30 18:00:00
Centro,2020-05-20 00:00:00,0.44,2020-09-30 18:00:00
Centro,2020-05-21 00:00:00,0.44,2020-09-30 18:00:00
Centro,2020-05-22 00:00:00,0.48,2020-10-01 05:00:00
Centro,2020-05-23 00:00:00,0.51,2020-10-01 14:00:00
Centro,2020-05-24 00:00:00,0.64,2020-10-03 05:00:00
Centro,2020-05-25 00:00:00,,
Centro,2020-05-26 00:00:00,0.8200000000000001,2020-10-05 11:00:00
Centro,2020-05-27 00:00:00,,
Centro,2020-05-28 00:00:00,0.92,2020-10-06 16:00:00
Centro,2020-05-29 00:00:00,0.81,2020-10-05 08:00:00
Centro,2020-05-30 00:00:00,0.7000000000000001,2020-10-04 00:00:00
Centro,2020-05-31 00:00:00,0.56,2020-10-02 06:00:00
Centro,2020-06-01 00:00:00,0.47000000000000003,2020-10-01 03:00:00
Centro,2020-06-02 00:00:00,0.55,2020-10-02 03:00:00
Centro,2020-06-03 00:00:00,0.64,2020-10-03 05:00:00
Centro,2020-06-04 00:00:00,0.84,2020-10-05 16:00:00
Centro,2020-06-05 00:00:00,0.9400000000000001,2020-10-06 22:00:00
Centro,2020-06-06 00:00:00,1.03,2020-10-08 00:00:00
Centro,2020-06-07 00:00:00,0.9,2020-10-06 09:00:00
Centro,2020-06-08 00:00:00,0.77,2020-10-04 18:00:00
Centro,2020-06-09 00:00:00,0.67,2020-10-03 13:00:00
Centro,2020-06-10 00:00:00,,
Centro,2020-06-11 00:00:00,0.6,2020-10-02 16:00:00
Centro,2020-06-12 00:00:00,0.6900000000000001,2020-10-03 19:00:00
Centro,2020-06-13 00:00:00,0.8,2020-10-05 03:00:00
Centro,2020-06-14 00:00:00,0.9,2020-10-06 08:00:00
Centro,2020-06-15 00:00:00,0.99,2020-10-07 10:00:00
Centro,2020-06-16 00:00:00,1.07,2020-10-08 10:00:00
Centro,2020-06-17 00:00:00,1.1300000000000001,2020-10-09 04:00:00
Centro,2020-06-18 00:00:00,1.17,2020-10-09 15:00:00
Centro,2020-06-19 00:00:00,1.12,2020-10-09 01:00:00
Centro,2020-06-20 00:00:00,1.07,2020-10-08 10:00:00
Lvt,2020-03-02 00:00:00,,
Lvt,2020-03-03 16:00:00,,
Lvt,2020-03-04 17:00:00,,
Lvt,2020-03-05 17:00:00,,
Lvt,2020-03-06 17:00:00,,
Lvt,2020-03-07 17:00:00,,
Lvt,2020-03-08 17:30:00,,
Lvt,2020-03-09 18:45:00,3.84,2020-10-01 00:00:00
Lvt,2020-03-10 10:00:00,4.29,2020-10-01 00:00:00
Lvt,2020-03-11 00:00:00,4.29,2020-10-01 00:00:00
Lvt,2020-03-12 00:00:00,4.58,2020-10-01 00:00:00
Lvt,2020-03-13 00:00:00,4.1,2020-10-01 00:00:00
Lvt,2020-03-14 00:00:00,3.61,2020-10-01 00:00:00
Lvt,2020-03-15 00:00:00,3.19,2020-10-01 00:00:00
Lvt,2020-03-16 00:00:00,2.8000000000000003,2020-10-01 00:00:00
Lvt,2020-03-17 00:00:00,2.57,2020-10-01 00:00:00
Lvt,2020-03-18 00:00:00,2.45,2020-10-01 00:00:00
Lvt,2020-03-19 00:00:00,2.34,2020-10-01 00:00:00
Lvt,2020-03-20 00:00:00,2.52,2020-10-01 00:00:00
Lvt,2020-03-21 00:00:00,2.46,2020-10-01 00:00:00
Lvt,2020-03-22 00:00:00,2.34,2020-10-01 00:00:00
Lvt,2020-03-23 00:00:00,2.08,2020-10-01 00:00:00
Lvt,2020-03-24 00:00:00,1.59,2020-10-01 00:00:00
Lvt,2020-03-25 00:00:00,1.3,2020-10-01 00:00:00
Lvt,2020-03-26 00:00:00,1.17,2020-10-01 00:00:00
Lvt,2020-03-27 00:00:00,1.06,2020-10-01 00:00:00
Lvt,2020-03-28 00:00:00,1.36,2020-10-01 00:00:00
Lvt,2020-03-29 00:00:00,1.57,2020-10-01 00:00:00
Lvt,2020-03-30 00:00:00,1.69,2020-10-01 00:00:00
Lvt,2020-03-31 00:00:00,1.62,2020-10-01 00:00:00
Lvt,2020-04-01 00:00:00,1.3900000000000001,2020-10-01 00:00:00
Lvt,2020-04-02 00:00:00,1.43,2020-10-01 00:00:00
Lvt,2020-04-03 00:00:00,1.41,2020-10-01 00:00:00
Lvt,2020-04-04 00:00:00,1.25,2020-10-01 00:00:00
Lvt,2020-04-05 00:00:00,1.21,2020-10-01 00:00:00
Lvt,2020-04-06 00:00:00,0.87,2020-10-01 00:00:00
Lvt,2020-04-07 00:00:00,0.87,2020-10-01 00:00:00
Lvt,2020-04-08 00:00:00,0.64,2020-10-01 00:00:00
Lvt,2020-04-09 00:00:00,0.32,2020-10-01 00:00:00
Lvt,2020-04-10 00:00:00,0.25,2020-10-01 00:00:00
Lvt,2020-04-11 00:00:00,0.14,2020-10-01 00:00:00
Lvt,2020-04-12 00:00:00,0.05,2020-10-01 00:00:00
Lvt,2020-04-13 00:00:00,0.31,2020-10-01 00:00:00
Lvt,2020-04-14 00:00:00,0.34,2020-10-01 00:00:00
Lvt,2020-04-15 00:00:00,0.9500000000000001,2020-10-01 00:00:00
Lvt,2020-04-16 00:00:00,1.1400000000000001,2020-10-01 00:00:00
Lvt,2020-04-17 00:00:00,1.31,2020-10-01 00:00:00
Lvt,2020-04-18 00:00:00,1.4000000000000001,2020-10-01 00:00:00
Lvt,2020-04-19 00:00:00,1.62,2020-10-01 00:00:00
Lvt,2020-04-20 00:00:00,1.6,2020-10-01 00:00:00
Lvt,2020-04-21 00:00:00,1.48,2020-10-01 00:00:00
Lvt,2020-04-22 00:00:00,1.21,2020-10-01 00:00:00
Lvt,2020-04-23 00:00:00,0.9500000000000001,2020-10-01 00:00:00
Lvt,2020-04-24 00:00:00,0.54,2020-10-01 00:00:00
Lvt,2020-04-25 00:00:00,0.26,2020-10-01 00:00:00
Lvt,2020-04-26 00:00:00,0.21,2020-10-01 00:00:00
Lvt,2020-04-27 00:00:00,0.3,2020-10-01 00:00:00
Lvt,2020-04-28 00:00:00,0.49,2020-10-01 00:00:00
Lvt,2020-04-29 00:00:00,0.78,2020-10-01 00:00:00
Lvt,2020-04-30 00:00:00,1.12,2020-10-01 00:00:00
Lvt,2020-05-01 00:00:00,1.3,2020-10-01 00:00:00
Lvt,2020-05-02 00:00:00,1.76,2020-10-01 00:00:00
Lvt,2020-05-03 00:00:00,,
Lvt,2020-05-04 00:00:00,2.05,2020-10-01 00:00:00
Lvt,2020-05-05 00:00:00,2.13,2020-10-01 00:00:00
Lvt,2020-05-06 00:00:00,1.92,2020-10-01 00:00:00
Lvt,2020-05-07 00:00:00,1.44,2020-10-01 00:00:00
Lvt,2020-05-08 00:00:00,0.84,2020-09-23 12:00:00
Lvt,2020-05-09 00:00:00,0.38,2020-09-17 18:00:00
Lvt,2020-05-10 00:00:00,0.11,2020-09-14 09:00:00
Lvt,2020-05-11 00:00:00,0.32,2020-09-17 00:00:00
Lvt,2020-05-12 00:00:00,0.74,2020-09-22 06:00:00
Lvt,2020-05-13 00:00:00,1.1400000000000001,2020-09-27 06:00:00
Lvt,2020-05-14 00:00:00,1.26,2020-09-28 17:00:00
Lvt,2020-05-15 00:00:00,1.19,2020-09-27 20:00:00
Lvt,2020-05-16 00:00:00,1.01,2020-09-25 15:00:00
Lvt,2020-05-17 00:00:00,1.0,2020-09-25 12:00:00
Lvt,2020-05-18 00:00:00,1.08,2020-09-26 12:00:00
Lvt,2020-05-19 00:00:00,1.23,2020-09-28 08:00:00
Lvt,2020-05-20 00:00:00,1.3900000000000001,2020-09-30 08:00:00
Lvt,2020-05-21 00:00:00,1.37,2020-09-30 02:00:00
Lvt,2020-05-22 00:00:00,1.22,2020-09-28 05:00:00
Lvt,2020-05-23 00:00:00,1.09,2020-09-26 15:00:00
Lvt,2020-05-24 00:00:00,1.06,2020-09-26 06:00:00
Lvt,2020-05-25 00:00:00,1.2,2020-09-27 23:00:00
Lvt,2020-05-26 00:00:00,1.46,2020-10-01 05:00:00
Lvt,2020-05-27 00:00:00,1.58,2020-10-02 17:00:00
Lvt,2020-05-28 00:00:00,1.6,2020-10-02 23:00:00
Lvt,2020-05-29 00:00:00,1.36,2020-09-29 23:00:00
Lvt,2020-05-30 00:00:00,1.04,2020-09-25 23:00:00
Lvt,2020-05-31 00:00:00,0.9,2020-09-24 05:00:00
Lvt,2020-06-01 00:00:00,0.9,2020-09-24 05:00:00
Lvt,2020-06-02 00:00:00,1.07,2020-09-26 08:00:00
Lvt,2020-06-03 00:00:00,1.36,2020-09-29 23:00:00
Lvt,2020-06-04 00:00:00,1.4000000000000001,2020-09-30 11:00:00
Lvt,2020-06-05 00:00:00,1.24,2020-09-28 11:00:00
Lvt,2020-06-06 00:00:00,1.1400000000000001,2020-09-27 06:00:00
Lvt,2020-06-07 00:00:00,0.91,2020-09-24 09:00:00
Lvt,2020-06-08 00:00:00,0.86,2020-09-23 18:00:00
Lvt,2020-06-09 00:00:00,0.89,2020-09-24 03:00:00
Lvt,2020-06-10 00:00:00,0.89,2020-09-24 03:00:00
Lvt,2020-06-11 00:00:00,0.84,2020-09-23 12:00:00
Lvt,2020-06-12 00:00:00,0.86,2020-09-23 18:00:00
Lvt,2020-06-13 00:00:00,0.73,2020-09-22 03:00:00
Lvt,2020-06-14 00:00:00,0.87,2020-09-23 21:00:00
Lvt,2020-06-15 00:00:00,1.04,2020-09-26 00:00:00
Lvt,2020-06-16 00:00:00,1.19,2020-09-27 20:00:00
Lvt,2020-06-17 00:00:00,1.25,2020-09-28 14:00:00
Lvt,2020-06-18 00:00:00,1.22,2020-09-28 05:00:00
Lvt,2020-06-19 00:00:00,1.1300000000000001,2020-09-27 03:00:00
Lvt,2020-06-20 00:00:00,1.1,2020-09-26 18:00:00
Norte,2020-03-02 00:00:00,,
Norte,2020-03-03 16:00:00,,
Norte,2020-03-04 17:00:00,0.48,2020-10-01 00:00:00
Norte,2020-03-05 17:00:00,2.56,2020-10-01 00:00:00
Norte,2020-03-06 17:00:00,2.7600000000000002,2020-10-01 00:00:00
Norte,2020-03-07 17:00:00,2.68,2020-10-01 00:00:00
Norte,2020-03-08 17:30:00,2.5500000000000003,2020-10-01 00:00:00
Norte,2020-03-09 18:45:00,2.41,2020-10-01 00:00:00
Norte,2020-03-10 10:00:00,,
Norte,2020-03-11 00:00:00,2.5,2020-10-01 00:00:00
Norte,2020-03-12 00:00:00,2.47,2020-10-01 00:00:00
Norte,2020-03-13 00:00:00,2.65,2020-10-01 00:00:00
Norte,2020-03-14 00:00:00,2.95,2020-10-01 00:00:00
Norte,2020-03-15 00:00:00,3.24,2020-10-01 00:00:00
Norte,2020-03-16 00:00:00,3.27,2020-10-01 00:00:00
Norte,2020-03-17 00:00:00,3.24,2020-10-01 00:00:00
Norte,2020-03-18 00:00:00,3.0500000000000003,2020-10-01 00:00:00
Norte,2020-03-19 00:00:00,2.87,2020-10-01 00:00:00
Norte,2020-03-20 00:00:00,2.66,2020-10-01 00:00:00
Norte,2020-03-21 00:00:00,2.29,2020-10-01 00:00:00
Norte,2020-03-22 00:00:00,2.27,2020-10-01 00:00:00
Norte,2020-03-23 00:00:00,2.27,2020-10-01 00:00:00
Norte,2020-03-24 00:00:00,2.49,2020-10-01 00:00:00
Norte,2020-03-25 00:00:00,2.65,2020-10-01 00:00:00
Norte,2020-03-26 00:00:00,2.5300000000000002,2020-10-01 00:00:00
Norte,2020-03-27 00:00:00,2.07,2020-10-01 00:00:00
Norte,2020-03-28 00:00:00,1.77,2020-10-01 00:00:00
Norte,2020-03-29 00:00:00,1.32,2020-10-01 00:00:00
Norte,2020-03-30 00:00:00,1.09,2020-10-01 00:00:00
Norte,2020-03-31 00:00:00,0.99,2020-10-01 00:00:00
Norte,2020-04-01 00:00:00,0.9400000000000001,2020-10-01 00:00:00
Norte,2020-04-02 00:00:00,0.8200000000000001,2020-10-01 00:00:00
Norte,2020-04-03 00:00:00,0.64,2020-10-01 00:00:00
Norte,2020-04-04 00:00:00,0.31,2020-10-01 00:00:00
Norte,2020-04-05 00:00:00,0.26,2020-10-01 00:00:00
Norte,2020-04-06 00:00:00,0.65,2020-10-01 00:00:00
Norte,2020-04-07 00:00:00,1.35,2020-10-01 00:00:00
Norte,2020-04-08 00:00:00,1.79,2020-10-01 00:00:00
Norte,2020-04-09 00:00:00,1.8900000000000001,2020-10-01 00:00:00
Norte,2020-04-10 00:00:00,1.47,2020-10-01 00:00:00
Norte,2020-04-11 00:00:00,0.92,2020-10-01 00:00:00
Norte,2020-04-12 00:00:00,0.56,2020-10-01 00:00:00
Norte,2020-04-13 00:00:00,0.37,2020-10-01 00:00:00
Norte,2020-04-14 00:00:00,0.28,2020-10-01 00:00:00
Norte,2020-04-15 00:00:00,0.64,2020-10-01 00:00:00
Norte,2020-04-16 00:00:00,0.75,2020-10-01 00:00:00
Norte,2020-04-17 00:00:00,0.93,2020-10-01 00:00:00
Norte,2020-04-18 00:00:00,0.92,2020-10-01 00:00:00
Norte,2020-04-19 00:00:00,0.92,2020-10-01 00:00:00
Norte,2020-04-20 00:00:00,0.8300000000000001,2020-10-01 00:00:00
Norte,2020-04-21 00:00:00,0.89,2020-10-01 00:00:00
Norte,2020-04-22 00:00:00,0.66,2020-10-01 00:00:00
Norte,2020-04-23 00:00:00,0.62,2020-10-01 00:00:00
Norte,2020-04-24 00:00:00,0.49,2020-10-01 00:00:00
Norte,2020-04-25 00:00:00,0.47000000000000003,2020-10-01 00:00:00
Norte,2020-04-26 00:00:00,0.18,2020-10-01 00:00:00
Norte,2020-04-27 00:00:00,0.16,2020-10-01 00:00:00
Norte,2020-04-28 00:00:00,0.12,2020-10-01 00:00:00
Norte,2020-04-29 00:00:00,0.19,2020-10-01 00:00:00
Norte,2020-04-30 00:00:00,0.26,2020-10-01 00:00:00
Norte,2020-05-01 00:00:00,0.4,2020-10-01 00:00:00
Norte,2020-05-02 00:00:00,0.33,2020-10-01 00:00:00
Norte,2020-05-03 00:00:00,0.4,2020-10-01 00:00:00
Norte,2020-05-04 00:00:00,0.44,2020-10-01 00:00:00
Norte,2020-05-05 00:00:00,1.1,2020-10-01 00:00:00
Norte,2020-05-06 00:00:00,1.5,2020-10-01 00:00:00
Norte,2020-05-07 00:00:00,1.69,2020-10-01 00:00:00
Norte,2020-05-08 00:00:00,1.42,2020-09-27 15:00:00
Norte,2020-05-09 00:00:00,0.98,2020-09-22 04:00:00
Norte,2020-05-10 00:00:00,0.44,2020-09-15 10:00:00
Norte,2020-05-11 00:00:00,0.06,2020-09-10 16:00:00
Norte,2020-05-12 00:00:00,0.0,2020-09-09 22:00:00
Norte,2020-05-13 00:00:00,0.27,2020-09-09 22:00:00
Norte,2020-05-14 00:00:00,0.39,2020-09-11 10:00:00
Norte,2020-05-15 00:00:00,0.52,2020-09-13 01:00:00
Norte,2020-05-16 00:00:00,0.71,2020-09-15 09:00:00
Norte,2020-05-17 00:00:00,0.7000000000000001,2020-09-15 07:00:00
Norte,2020-05-18 00:00:00,0.65,2020-09-14 16:00:00
Norte,2020-05-19 00:00:00,0.65,2020-09-14 16:00:00
Norte,2020-05-20 00:00:00,0.64,2020-09-14 13:00:00
Norte,2020-05-21 00:00:00,0.59,2020-09-13 22:00:00
Norte,2020-05-22 00:00:00,0.59,2020-09-13 22:00:00
Norte,2020-05-23 00:00:00,0.42,2020-09-11 20:00:00
Norte,2020-05-24 00:00:00,0.32,2020-09-10 15:00:00
Norte,2020-05-25 00:00:00,0.22,2020-09-09 09:00:00
Norte,2020-05-26 00:00:00,,
Norte,2020-05-27 00:00:00,0.2,2020-09-09 04:00:00
Norte,2020-05-28 00:00:00,0.25,2020-09-09 18:00:00
Norte,2020-05-29 00:00:00,0.37,2020-09-11 06:00:00
Norte,2020-05-30 00:00:00,0.48,2020-09-12 14:00:00
Norte,2020-05-31 00:00:00,0.6,2020-09-14 02:00:00
Norte,2020-06-01 00:00:00,,
Norte,2020-06-02 00:00:00,0.62,2020-09-14 08:00:00
Norte,2020-06-03 00:00:00,0.71,2020-09-15 10:00:00
Norte,2020-06-04 00:00:00,0.86,2020-09-17 07:00:00
Norte,2020-06-05 00:00:00,1.07,2020-09-19 22:00:00
Norte,2020-06-06 00:00:00,1.23,2020-09-21 21:00:00
Norte,2020-06-07 00:00:00,1.34,2020-09-23 06:00:00
Norte,2020-06-08 00:00:00,1.25,2020-09-22 03:00:00
Norte,2020-06-09 00:00:00,1.07,2020-09-19 22:00:00
Norte,2020-06-10 00:00:00,0.92,2020-09-18 01:00:00
Norte,2020-06-11 00:00:00,0.71,2020-09-15 10:00:00
Norte,2020-06-12 00:00:00,0.66,2020-09-14 20:00:00
Norte,2020-06-13 00:00:00,0.8200000000000001,2020-09-16 20:00:00
Norte,2020-06-14 00:00:00,0.96,2020-09-18 13:00:00
Norte,2020-06-15 00:00:00,1.07,2020-09-19 22:00:00
Norte,2020-06-16 00:00:00,1.22,2020-09-21 18:00:00
Norte,2020-06-17 00:00:00,1.1,2020-09-20 07:00:00
Norte,2020-06-18 00:00:00,1.0,2020-09-19 01:00:00
Norte,2020-06-19 00:00:00,0.79,2020-09-16 11:00:00
Norte,2020-06-20 00:00:00,0.56,2020-09-13 14:00:00
Madeira,2020-03-02 00:00:00,,
Madeira,2020-03-03 16:00:00,,
Madeira,2020-03-04 17:00:00,,
Madeira,2020-03-05 17:00:00,,
Madeira,2020-03-06 17:00:00,,
Madeira,2020-03-07 17:00:00,,
Madeira,2020-03-08 17:30:00,,
Madeira,2020-03-09 18:45:00,,
Madeira,2020-03-10 10:00:00,,
Madeira,2020-03-11 00:00:00,,
Madeira,2020-03-12 00:00:00,,
Madeira,2020-03-13 00:00:00,,
Madeira,2020-03-14 00:00:00,,
Madeira,2020-03-15 00:00:00,,
Madeira,2020-03-16 00:00:00,,
Madeira,2020-03-17 00:00:00,,
Madeira,2020-03-18 00:00:00,0.48,2020-10-01 00:00:00
Madeira,2020-03-19 00:00:00,,
Madeira,2020-03-20 00:00:00,,
Madeira,2020-03-21 00:00:00,0.5700000000000001,2020-10-01 00:00:00
Madeira,2020-03-22 00:00:00,0.63,2020-10-01 00:00:00
Madeira,2020-03-23 00:00:00,1.7,2020-10-01 00:00:00
Madeira,2020-03-24 00:00:00,2.15,2020-10-01 00:00:00
Madeira,2020-03-25 00:00:00,2.2600000000000002,2020-10-01 00:00:00
Madeira,2020-03-26 00:00:00,,
Madeira,2020-03-27 00:00:00,2.25,2020-10-01 00:00:00
Madeira,2020-03-28 00:00:00,1.93,2020-10-01 00:00:00
Madeira,2020-03-29 00:00:00,1.73,2020-10-01 00:00:00
Madeira,2020-03-30 00:00:00,1.36,2020-10-01 00:00:00
Madeira,2020-03-31 00:00:00,1.01,2020-10-01 00:00:00
Madeira,2020-04-01 00:00:00,0.58,2020-10-01 00:00:00
Madeira,2020-04-02 00:00:00,,
Madeira,2020-04-03 00:00:00,0.59,2020-10-01 00:00:00
Madeira,2020-04-04 00:00:00,0.53,2020-10-01 00:00:00
Madeira,2020-04-05 00:00:00,0.62,2020-10-01 00:00:00
Madeira,2020-04-06 00:00:00,,
Madeira,2020-04-07 00:00:00,,
Madeira,2020-04-08 00:00:00,,
Madeira,2020-04-09 00:00:00,0.76,2020-10-01 00:00:00
Madeira,2020-04-10 00:00:00,,
Madeira,2020-04-11 00:00:00,,
Madeira,2020-04-12 00:00:00,,
Madeira,2020-04-13 00:00:00,,
Madeira,2020-04-14 00:00:00,,
Madeira,2020-04-15 00:00:00,,
Madeira,2020-04-16 00:00:00,,
Madeira,2020-04-17 00:00:00,,
Madeira,2020-04-18 00:00:00,1.19,2020-10-01 00:00:00
Madeira,2020-04-19 00:00:00,1.36,2020-10-01 00:00:00
Madeira,2020-04-20 00:00:00,1.48,2020-10-01 00:00:00
Madeira,2020-04-21 00:00:00,1.21,2020-10-01 00:00:00
Madeira,2020-04-22 00:00:00,,
Madeira,2020-04-23 00:00:00,,
Madeira,2020-04-24 00:00:00,,
Madeira,2020-04-25 00:00:00,0.9500000000000001,2020-10-01 00:00:00
Madeira,2020-04-26 00:00:00,,
Madeira,2020-04-27 00:00:00,,
Madeira,2020-04-28 00:00:00,,
Madeira,2020-04-29 00:00:00,,
Madeira,2020-04-30 00:00:00,,
Madeira,2020-05-01 00:00:00,,
Madeira,2020-05-02 00:00:00,,
Madeira,2020-05-03 00:00:00,,
Madeira,2020-05-04 00:00:00,,
Madeira,2020-05-05 00:00:00,,
Madeira,2020-05-06 00:00:00,,
Madeira,2020-05-07 00:00:00,0.72,2020-10-01 00:00:00
Madeira,2020-05-08 00:00:00,,
Madeira,2020-05-09 00:00:00,,
Madeira,2020-05-10 00:00:00,,
Madeira,2020-05-11 00:00:00,,
Madeira,2020-05-12 00:00:00,,
Madeira,2020-05-13 00:00:00,,
Madeira,2020-05-14 00:00:00,,
Madeira,2020-05-15 00:00:00,,
Madeira,2020-05-16 00:00:00,,
Madeira,2020-05-17 00:00:00,,
Madeira,2020-05-18 00:00:00,,
Madeira,2020-05-19 00:00:00,,
Madeira,2020-05-20 00:00:00,,
Madeira,2020-05-21 00:00:00,,
Madeira,2020-05-22 00:00:00,,
Madeira,2020-05-23 00:00:00,,
Madeira,2020-05-24 00:00:00,,
Madeira,2020-05-25 00:00:00,,
Madeira,2020-05-26 00:00:00,,
Madeira,2020-05-27 00:00:00,,
Madeira,2020-05-28 00:00:00,,
Madeira,2020-05-29 00:00:00,,
Madeira,2020-05-30 00:00:00,,
Madeira,2020-05-31 00:00:00,,
Madeira,2020-06-01 00:00:00,,
Madeira,2020-06-02 00:00:00,,
Madeira,2020-06-03 00:00:00,,
Madeira,2020-06-04 00:00:00,,
Madeira,2020-06-05 00:00:00,,
Madeira,2020-06-06 00:00:00,,
Madeira,2020-06-07 00:00:00,,
Madeira,2020-06-08 00:00:00,,
Madeira,2020-06-09 00:00:00,,
Madeira,2020-06-10 00:00:00,,
Madeira,2020-06-11 00:00:00,,
Madeira,2020-06-12 00:00:00,,
Madeira,2020-06-13 00:00:00,,
Madeira,2020-06-14 00:00:00,,
Madeira,2020-06-15 00:00:00,,
Madeira,2020-06-16 00:00:00,,
Madeira,2020-06-17 00:00:00,,
Madeira,2020-06-18 00:00:00,,
Madeira,2020-06-19 00:00:00,0.52,2020-09-28 13:00:00
Madeira,2020-06-20 00:00:00,,
Portugal,2020-03-03 16:00:00,0.48,2020-10-01 00:00:00
Portugal,2020-03-04 17:00:00,2.56,2020-10-01 00:00:00
Portugal,2020-03-05 17:00:00,2.7600000000000002,2020-10-01 00:00:00
Portugal,2020-03-06 17:00:00,2.68,2020-10-01 00:00:00
Portugal,2020-03-07 17:00:00,2.5500000000000003,2020-10-01 00:00:00
Portugal,2020-03-08 17:30:00,2.41,2020-10-01 00:00:00
Portugal,2020-03-09 18:45:00,2.5,2020-10-01 00:00:00
Portugal,2020-03-10 10:00:00,2.63,2020-10-01 00:00:00
Portugal,2020-03-11 00:00:00,2.98,2020-10-01 00:00:00
Portugal,2020-03-12 00:00:00,3.35,2020-10-01 00:00:00
Portugal,2020-03-13 00:00:00,3.4,2020-10-01 00:00:00
Portugal,2020-03-14 00:00:00,3.43,2020-10-01 00:00:00
Portugal,2020-03-15 00:00:00,3.33,2020-10-01 00:00:00
Portugal,2020-03-16 00:00:00,3.11,2020-10-01 00:00:00
Portugal,2020-03-17 00:00:00,2.91,2020-10-01 00:00:00
Portugal,2020-03-18 00:00:00,2.69,2020-10-01 00:00:00
Portugal,2020-03-19 00:00:00,2.54,2020-10-01 00:00:00
Portugal,2020-03-20 00:00:00,2.49,2020-10-01 00:00:00
Portugal,2020-03-21 00:00:00,2.3000000000000003,2020-10-01 00:00:00
Portugal,2020-03-22 00:00:00,2.2800000000000002,2020-10-01 00:00:00
Portugal,2020-03-23 00:00:00,2.2,2020-10-01 00:00:00
Portugal,2020-03-24 00:00:00,2.15,2020-10-01 00:00:00
Portugal,2020-03-25 00:00:00,2.16,2020-10-01 00:00:00
Portugal,2020-03-26 00:00:00,2.06,2020-10-01 00:00:00
Portugal,2020-03-27 00:00:00,1.71,2020-10-01 00:00:00
Portugal,2020-03-28 00:00:00,1.6300000000000001,2020-10-01 00:00:00
Portugal,2020-03-29 00:00:00,1.35,2020-10-01 00:00:00
Portugal,2020-03-30 00:00:00,1.24,2020-10-01 00:00:00
Portugal,2020-03-31 00:00:00,1.18,2020-10-01 00:00:00
Portugal,2020-04-01 00:00:00,1.06,2020-10-01 00:00:00
Portugal,2020-04-02 00:00:00,1.0,2020-10-01 00:00:00
Portugal,2020-04-03 00:00:00,0.85,2020-10-01 00:00:00
Portugal,2020-04-04 00:00:00,0.63,2020-10-01 00:00:00
Portugal,2020-04-05 00:00:00,0.65,2020-10-01 00:00:00
Portugal,2020-04-06 00:00:00,0.8,2020-10-01 00:00:00
Portugal,2020-04-07 00:00:00,1.34,2020-10-01 00:00:00
Portugal,2020-04-08 00:00:00,1.48,2020-10-01 00:00:00
Portugal,2020-04-09 00:00:00,1.41,2020-10-01 00:00:00
Portugal,2020-04-10 00:00:00,1.09,2020-10-01 00:00:00
Portugal,2020-04-11 00:00:00,0.59,2020-10-01 00:00:00
Portugal,2020-04-12 00:00:00,0.27,2020-10-01 00:00:00
Portugal,2020-04-13 00:00:00,0.28,2020-10-01 00:00:00
Portugal,2020-04-14 00:00:00,0.18,2020-10-01 00:00:00
Portugal,2020-04-15 00:00:00,0.76,2020-10-01 00:00:00
Portugal,2020-04-16 00:00:00,0.88,2020-10-01 00:00:00
Portugal,2020-04-17 00:00:00,1.02,2020-10-01 00:00:00
Portugal,2020-04-18 00:00:00,1.01,2020-10-01 00:00:00
Portugal,2020-04-19 00:00:00,1.06,2020-10-01 00:00:00
Portugal,2020-04-20 00:00:00,0.97,2020-10-01 00:00:00
Portugal,2020-04-21 00:00:00,1.0,2020-10-01 00:00:00
Portugal,2020-04-22 00:00:00,0.74,2020-10-01 00:00:00
Portugal,2020-04-23 00:00:00,0.65,2020-10-01 00:00:00
Portugal,2020-04-24 00:00:00,0.43,2020-10-01 00:00:00
Portugal,2020-04-25 00:00:00,0.37,2020-10-01 00:00:00
Portugal,2020-04-26 00:00:00,0.18,2020-10-01 00:00:00
Portugal,2020-04-27 00:00:00,0.26,2020-10-01 00:00:00
Portugal,2020-04-28 00:00:00,0.31,2020-10-01 00:00:00
Portugal,2020-04-29 00:00:00,0.43,2020-10-01 00:00:00
Portugal,2020-04-30 00:00:00,0.49,2020-10-01 00:00:00
Portugal,2020-05-01 00:00:00,0.61,2020-10-01 00:00:00
Portugal,2020-05-02 00:00:00,0.46,2020-10-01 00:00:00
Portugal,2020-05-03 00:00:00,0.74,2020-10-01 00:00:00
Portugal,2020-05-04 00:00:00,1.22,2020-10-01 00:00:00
Portugal,2020-05-05 00:00:00,1.9100000000000001,2020-10-01 00:00:00
Portugal,2020-05-06 00:00:00,1.97,2020-10-01 00:00:00
Portugal,2020-05-07 00:00:00,1.6600000000000001,2020-10-01 00:00:00
Portugal,2020-05-08 00:00:00,0.98,2020-09-22 12:00:00
Portugal,2020-05-09 00:00:00,0.42,2020-09-15 12:00:00
Portugal,2020-05-10 00:00:00,0.0,2020-09-10 06:00:00
Portugal,2020-05-11 00:00:00,0.01,2020-09-10 06:00:00
Portugal,2020-05-12 00:00:00,0.3,2020-09-13 21:00:00
Portugal,2020-05-13 00:00:00,0.81,2020-09-20 06:00:00
Portugal,2020-05-14 00:00:00,1.09,2020-09-23 18:00:00
Portugal,2020-05-15 00:00:00,1.1500000000000001,2020-09-24 12:00:00
Portugal,2020-05-16 00:00:00,1.05,2020-09-23 06:00:00
Portugal,2020-05-17 00:00:00,0.98,2020-09-22 09:00:00
Portugal,2020-05-18 00:00:00,1.0,2020-09-22 15:00:00
Portugal,2020-05-19 00:00:00,1.06,2020-09-23 09:00:00
Portugal,2020-05-20 00:00:00,1.2,2020-09-25 02:00:00
Portugal,2020-05-21 00:00:00,1.17,2020-09-24 17:00:00
Portugal,2020-05-22 00:00:00,1.07,2020-09-23 12:00:00
Portugal,2020-05-23 00:00:00,0.88,2020-09-21 03:00:00
Portugal,2020-05-24 00:00:00,0.81,2020-09-20 07:00:00
Portugal,2020-05-25 00:00:00,0.91,2020-09-21 12:00:00
Portugal,2020-05-26 00:00:00,1.17,2020-09-24 17:00:00
Portugal,2020-05-27 00:00:00,1.4000000000000001,2020-09-27 14:00:00
Portugal,2020-05-28 00:00:00,1.51,2020-09-28 22:00:00
Portugal,2020-05-29 00:00:00,1.32,2020-09-26 14:00:00
Portugal,2020-05-30 00:00:00,1.04,2020-09-23 02:00:00
Portugal,2020-05-31 00:00:00,0.91,2020-09-21 11:00:00
Portugal,2020-06-01 00:00:00,0.9,2020-09-21 08:00:00
Portugal,2020-06-02 00:00:00,1.09,2020-09-23 17:00:00
Portugal,2020-06-03 00:00:00,1.37,2020-09-27 05:00:00
Portugal,2020-06-04 00:00:00,1.46,2020-09-28 07:00:00
Portugal,2020-06-05 00:00:00,1.32,2020-09-26 14:00:00
Portugal,2020-06-06 00:00:00,1.21,2020-09-25 05:00:00
Portugal,2020-06-07 00:00:00,0.98,2020-09-22 08:00:00
Portugal,2020-06-08 00:00:00,0.9,2020-09-21 09:00:00
Portugal,2020-06-09 00:00:00,0.84,2020-09-20 15:00:00
Portugal,2020-06-10 00:00:00,0.8300000000000001,2020-09-20 13:00:00
Portugal,2020-06-11 00:00:00,0.78,2020-09-19 22:00:00
Portugal,2020-06-12 00:00:00,0.86,2020-09-20 21:00:00
Portugal,2020-06-13 00:00:00,0.8,2020-09-20 04:00:00
Portugal,2020-06-14 00:00:00,0.96,2020-09-22 03:00:00
Portugal,2020-06-15 00:00:00,1.18,2020-09-24 20:00:00
Portugal,2020-06-16 00:00:00,1.32,2020-09-26 14:00:00
Portugal,2020-06-17 00:00:00,1.3800000000000001,2020-09-27 08:00:00
Portugal,2020-06-18 00:00:00,1.37,2020-09-27 05:00:00
Portugal,2020-06-19 00:00:00,1.26,2020-09-25 20:00:00
Portugal,2020-06-20 00:00:00,1.19,2020-09-24 23:00:00
